Time_Stamps,Upvote Ratio,Author,Score,Number of Comments,Comment
2023-10-12 02:00:08,0.96,SkylarMLO,21,7,The frosted blue looks better to the naked eye than in the photos
2023-10-12 07:29:50,1.0,vinaylovestotravel,1,1,Some iPhone Models Are Mysteriously Turning Themselves Off At Night
2023-10-11 21:28:23,0.86,Miserable_Impact_431,5,2,Iphone 15
2023-10-11 00:51:24,0.9,,127,94,Update: Thanks for affirming my regrets! Returned the yellow and bought the blue.
2023-10-11 23:24:37,1.0,Cr1msonZ,1,0,Dimming
2023-10-11 19:33:16,1.0,Flucky_,2,1,Did Apple fix the wireless charging issue?
2023-10-11 18:55:24,1.0,sticky__toffee,2,1,I know nothing go about software development but a question on the side notch/silent button.
2023-10-11 11:55:06,0.84,alex9005,4,14,How much storage did you go for on your iPhone 15/15 Plus ?
2023-10-11 18:13:32,0.5,BigBrandyy,0,11,What wall adaptor should I use with the stock iPhone 15 plus box USB C cable??
2023-10-10 21:02:17,1.0,rollmefurtherbtch,40,14,Night sky shots with a tripod
2023-10-11 08:18:57,0.86,jochelu,5,2,CarPlay iPhone 15 fail
2023-10-11 05:42:38,1.0,Ghostek-Official,8,3,iPhone 15 Pro Max - Titanium Blue
2023-10-11 16:12:22,0.55,Joshman1231,1,21,This new iOS 17.0.3 bricked my phone
2023-10-11 01:03:01,0.95,Admirable-Gas-7876,16,7,iPhone 15 Pro Max - Natty
2023-10-11 06:07:42,1.0,natoushh121,6,3,iPhone 15 Charging Issue
2023-10-10 14:32:16,0.87,alex9005,102,38,This is one good looking phone
2023-10-11 13:28:50,1.0,KristopherJC,1,2,Charging stand that works with case?
2023-10-10 12:12:41,0.86,,58,98,iPhone 15 base yellow - regret?
2023-10-10 17:35:44,0.88,el_chupacapramk,6,2,Non Pro Battery Performance after iOS 17.0.3
2023-10-10 13:14:38,0.91,Material_Position723,9,11,iPhone 15 Plus heat
2023-10-10 12:42:44,0.5,Mathias0910,0,2,History of the iPhone 2007-2023
2023-10-09 16:33:13,0.82,Tatethegamer9yt,25,152,"iPhone 15 users, how‚Äôs it going?"
2023-10-10 09:52:20,0.6,Severe_Bumblebee2088,1,5,Optimisation of 15Pro
2023-10-09 20:40:24,0.91,erieberry,8,2,Hot base 15 after update
2023-10-10 06:26:08,1.0,pietroSV,1,0,iPhone Cleaning Set
2023-10-10 00:34:50,1.0,HelloS0n,1,6,No vibration for texts?
2023-10-09 20:05:30,1.0,daminou28,2,4,iPhone 15 bought in Australia works in Europe?
2023-10-09 14:35:27,1.0,ffjones54,6,9,iPhone 15 Pro Max lost in shipping
2023-10-09 13:42:34,0.86,FugenOnCrack,5,8,Iphone15 Issues
2023-10-09 16:46:08,1.0,sslithissik,2,8,Always on (15 Pro) doesn't ever shut off. (I think it did before.)
2023-10-09 11:16:41,1.0,leomosread,5,3,From S21 FE to iPhone 15
2023-10-09 09:48:37,0.86,Pimalai,5,22,Cases that don't add bulk and actually provide good phone protection
2023-10-09 09:44:51,0.63,AdRepresentative131,2,7,Is it worth it? Xiaomi vs Iphone
2023-10-08 20:41:37,1.0,engineergurl88,9,17,15 Pro Top Heavy?
2023-10-09 06:51:53,0.6,anassafarini,1,3,Iphone screen protector
2023-10-09 00:21:30,0.71,lukapone,3,15,Is the FineWoven case actually bad?
2023-10-08 20:55:25,0.78,Miyake_tech,5,38,Regular iPhone with no case
2023-10-08 20:23:25,0.86,Relative_Resource_31,5,1,iPhone 15 Plus
2023-10-09 12:59:59,0.29,rm21399,0,51,iPhone 15 pro or wait for 16 pro
2023-10-08 15:45:16,1.0,Milk_Savings,3,9,Can't transfer data from iPhone 12 to 15
2023-10-08 20:02:56,0.25,FrederickJones7,0,0,Find the iPhone 15 accessories you're looking for.
2023-10-08 03:19:03,1.0,AEM_High,4,1,Heat Issues post Software Parch?
2023-10-08 10:12:54,0.55,Time_Technician_2339,1,48,Do any of you also have ‚Äúfear of missing out‚Äù..
2023-10-09 00:00:57,0.06,NoLoveValley,0,19,Bought an IPhone 15 from this random shopify page. risky but they actually delivered it lol
2023-10-07 15:09:24,0.76,OmegaXesis,13,42,I just ordered an Iphone 15+ and I realized I don't have a usb-c compatible charging block. Need advice should I invest in a good charging block or go with magsafe chargers? My last phone was a 7+
2023-10-07 18:00:26,1.0,ExpectoPatronummmmm,5,13,iphone 14 pro or 15 pro
2023-10-07 06:22:52,0.86,Ghostek-Official,25,11,iPhone 15 Pro Max - Blue Titanium
2023-10-07 03:35:04,0.89,WhenMaytemberEnds,21,73,Will 128gb be enough for casual use?
2023-10-07 18:12:27,0.5,Upper-Try6742,0,1,Apple iPhone 15 pro max 1tb white
2023-10-07 12:37:49,1.0,UncommonGrow,2,2,Face ID issue
2023-10-07 02:26:01,0.82,Westosaurus,10,5,Limited Edition ‚ÄúInverted Red‚Äù Lock Screen Wallpaper
2023-10-07 14:41:19,1.0,VCAPM,1,0,Trouble syncing default iPhone calendar with Google Calendar
2023-10-07 06:17:55,0.75,Dependent_Shape_1655,4,7,Iphone 15 pro max shipping delayed?
2023-10-07 10:00:01,0.75,l0v3tt,2,9,Iphone15 Promotions
2023-10-06 16:07:15,0.86,Imaginary_Network639,10,20,Should I upgrade?
2023-10-06 15:41:20,0.75,Ok-Tomato-8184,4,20,Apple says goodbye to Leather for the iPhone 15. Dbrand doesn't
2023-10-05 21:12:56,1.0,kxu231,45,11,14 Plus leather case fits 15 Plus!
2023-10-06 05:47:21,1.0,drxw,6,4,iPhone 15 Pro running really slowly on data and WiFi
2023-10-05 19:56:55,0.91,Sufficient-Studio-24,26,37,Should I buy the iphone 15 plus?
2023-10-06 07:22:09,1.0,l0v3tt,2,5,iphone Help
2023-10-06 10:57:57,0.5,pietroSV,0,0,Magsafe Wireless Charging Holder
2023-10-06 10:55:53,0.5,pietroSV,0,0,iPhone X to 15 Magsafe Case Magnetic Wallet Holder
2023-10-06 04:00:29,1.0,lendmesumsugar1,3,7,Which 15 model should I get?
2023-10-06 09:25:46,1.0,IcyDroidPack,1,0,SwiftLocker: Hide your private Photos & Videos
2023-10-06 05:30:30,1.0,GreenRaven-593,1,1,"Coming from Android, which model should I get"
2023-10-05 20:43:53,1.0,h15h1,4,0,iPhone 15 camera shaking while filming in low light
2023-10-05 17:05:32,0.33,Kloizon,0,8,Any 15 Pro Max availability in Austin
2023-10-05 13:04:34,0.75,thisecholife,2,7,Looking to Upgrade
2023-10-05 07:34:18,0.63,kenzosanden_,2,10,What features require a 256gb storage?
2023-10-04 19:02:25,0.94,Itslashae,29,26,iPhone 15plus is so light weight !
2023-10-04 18:55:14,0.94,shainanichole,25,32,14 Pro to 15 Plus
2023-10-05 15:22:58,0.25,FrederickJones7,0,0,iPhone Action Button on iPhone 15 Pro and iPhone 15 Pro Max
2023-10-04 01:36:37,0.92,Bradbeatty7,314,142,New 15 Pro Max
2023-10-05 04:45:07,0.75,jacobhu321,2,1,Case and Screen Protector Recommendations!
2023-10-05 06:21:38,0.5,SkylarMLO,0,9,What are the most durable cases I can buy for my parents?
2023-10-05 02:22:19,0.75,alley_cat17,2,9,Cute but protective case recommendations?
2023-10-04 15:18:18,0.95,Early-Ad5047,14,8,Anyone else still waiting to get their phones delivered?
2023-10-04 20:26:06,1.0,marcz52,5,7,Best iPhone 15 color???
2023-10-05 00:33:28,0.66,-BWX-,1,0,iPhone 15 Pro Max Zoom Video of Hawk Flying
2023-10-04 15:30:53,0.69,Ferrerabear,5,30,Should I Upgrade?
2023-10-05 00:02:36,0.5,crazylittlebitch87,0,1,iPhone 15 plus : UAG Monarch pro vs OtterBox ? Please suggest
2023-10-04 14:45:04,0.75,AnnewithaZee,6,73,"Guys, iphone 15 - pink or yellow?"
2023-10-04 17:17:44,0.83,Time_Technician_2339,4,15,Should i upgrade?
2023-10-04 18:35:50,1.0,incomecsm,2,1,iOS 17.0.3 - iPhone Overheating FIX (Latest Update!)
2023-10-04 06:14:53,1.0,vinaylovestotravel,3,0,iPhone 15 Owners Warned Against Using BMW Wireless Chargers
2023-10-03 10:22:10,0.94,robjoko,96,50,Wife and I both got our new phones in the mail over the weekend. She picked the green one and honestly in person it looks amazingüçè
2023-10-04 10:03:48,0.67,emibebi,1,7,Upgrading to 15 Pro Max from IPhone 11
2023-10-03 16:13:45,0.87,unanau,22,57,Which case is better? Apple silicone or Otterbox symmetry?
2023-10-03 23:06:41,0.75,Fabulous_Respond2047,2,3,Best screen protector for iPhone 15 pro max and Peak design case
2023-10-03 17:45:22,0.78,arbiyanews,5,1,iPhone 15 owners angry because it malfunctioned when charging wirelessly in a BMW
2023-10-03 14:28:33,1.0,Traffe_King,5,1,NFC reader not working
2023-10-03 18:23:10,1.0,Imchristina_,2,9,iPhone 15 battery
2023-10-03 18:06:19,0.75,Aggravating-Tiger380,2,9,iPhone 15 car play cable suggestions?
2023-10-03 12:21:38,0.99,Rogu3_T3ch,6,15,14 Pro vs 15 Plus
2023-10-03 12:35:13,0.8,DNoo56,3,4,Whatsapp mic issue
2023-10-03 15:23:03,1.0,MarvFK,1,4,iPhone 15 Pro Max battery life improvement after 1 week
2023-10-03 04:35:50,0.83,MeMyselfAndMe_Again,4,18,My 15 Pro order has been delayed...again!
2023-10-02 15:09:13,0.98,Potential-Ad-5886,39,9,"15 plus, winter blue & midnight leather,"
2023-10-03 06:47:04,1.0,paranoidevil,2,11,Charging with 5w
2023-10-03 06:21:19,1.0,alex3delarge,2,3,iPhone 15 battery
2023-10-03 05:31:30,0.56,MKRmartin,1,21,Iphone 12 Pro to regular 15
2023-10-03 06:09:59,1.0,gourdo,1,5,Anyone else seeing 20W Magsafe charging on 15 Pro?
2023-10-02 23:25:59,0.72,bhawks77,3,8,Thoughts on safari?
2023-10-02 17:16:31,1.0,USTody,8,2,iPhone 15 Users Complain About Not Being Able to Charge Their Phones with a Powerbank! (Powerbank Charges Instead of the Phone)
2023-10-02 21:36:43,1.0,betinaloevera,3,2,MagSafe phone ring holder/pop socket recs
2023-10-02 16:29:41,0.84,Rogu3_T3ch,4,6,iPhone 15 Availability at Apple Stores
2023-10-02 23:46:23,1.0,KristopherJC,1,2,Rokform case wireless charging stand issue
2023-10-02 14:36:51,1.0,Soft-Honeydew3002,4,9,Black screen on iPhone 15 pro
2023-10-01 20:45:44,0.94,Similar-Ad6810,95,23,Got the last 15 pink in the store for my GF. She is so hyped
2023-10-02 07:09:45,0.72,GoogleGenius,3,8,Does the regular iPhone 15 have thinner bezels compared to the regular 14 or even 13?
2023-10-02 17:44:23,0.44,baiooe,0,20,the 15 pm camera sucked
2023-10-02 06:23:33,0.67,ShenTchami,2,6,"Got my iphone 15 few days ago and I bought really tight case for it. It‚Äôs really hard taking it off so I‚Äôm wondering do you guys have some advice for taking off really tight cases. Also, I couldn‚Äôt have bend it already just by applying some pressure? I know it‚Äôs crazy but just got this beauty üòÖ"
2023-10-02 07:52:41,0.67,ul131web,1,1,Tesla Unlock with iPhone 15 Action Button #iphone15
2023-10-02 06:57:45,0.67,rahulnautiyal3,1,11,Confusion about usb c cable
2023-10-01 19:32:11,1.0,moxie-girl,9,28,black or pink? (base 15)
2023-10-02 09:24:19,0.38,TwoCables_from_OCN,0,15,Another reason you may want to get iPhone 15 Pro or Pro Max instead
2023-10-02 01:21:57,1.0,The_Mick,2,5,Cycle count
2023-10-01 16:13:49,1.0,annieblink182,9,27,iPhone 15 in pink
2023-10-01 19:55:49,0.83,OhioMurb,4,26,I preordered but are there 15s just sitting at Apple Store to buy?
2023-10-01 14:57:15,0.91,TigerMan_ac,9,31,iphone 15 of iphone 15 pro
2023-10-01 22:28:39,0.75,BingChilling679,2,6,Has Anyone Else Noticed Terrible Front Camera Quality?
2023-10-02 01:47:38,0.67,Dangerous_Aardvark15,1,10,upgrade to iphone15?
2023-10-01 22:18:47,0.67,JimBoy1804,1,14,iPhone 14 pro va iPhone 15
2023-10-01 17:41:44,1.0,KingHanma,1,8,Base variant iPhone 15 modem
2023-10-01 08:49:22,0.69,edgarskates,6,16,iPhone 15 pro vs 15 pro max?
2023-10-01 05:53:44,1.0,CarolAllex,6,2,Apple Identifies Issues Causing Overheating In iPhone 15
2023-10-01 08:42:30,1.0,Boltzman_,2,6,StandBy mode does not make sense
2023-10-01 05:42:47,0.71,Practical_Object_342,3,4,Screen looks really yellow
2023-10-01 10:54:10,1.0,Dry-Rate-4092,1,0,iPhone 15 Pro Vs iPhone 5S Cameras ü§Ø‚≠êÔ∏è
2023-09-30 23:24:17,0.86,getts32,5,5,Can anyone else not hear alerts???
2023-10-01 05:09:41,0.67,qqasdfzz,1,9,"Just copped a 15ProMax, anyone able to recommend a decent magsafe wallet?"
2023-10-01 03:08:10,1.0,kylog,1,5,New iphone 15 during activation wrong phone number
2023-09-30 21:02:45,1.0,goro-n,3,2,"Apple iPhone 15, iPhone 15 Overheating Exclusive: Apple Comments"
2023-09-30 17:12:20,0.88,ShootBurners,6,23,iPhone 14 Case on iPhone 15
2023-09-30 23:02:02,1.0,sereza1,2,10,anyone who has the 14p and either the 15 or 15p please help!
2023-09-30 22:58:40,1.0,Allinhalf,2,0,iPhone 15 Pro's Top Picks
2023-09-30 19:09:05,0.61,Time_Technician_2339,3,41,How should i buy it
2023-09-30 21:09:37,1.0,can_wrap,2,1,15 Pro external storage for photo album viewing and easy photo transfer?
2023-09-30 14:59:34,1.0,USTody,6,13,iPhone 15 users are complaining about CarPlay not working after transitioning to Type-C
2023-09-30 20:11:42,1.0,crnigorac,2,7,iPhone 15 eSIM
2023-09-30 20:10:12,1.0,AegMacro,2,7,Iphone 15 pro max wait times
2023-09-30 16:05:22,1.0,ChooseYourMobile,4,0,iPhone 15 vs Samsung S23 Comparison | Price and Specs
2023-09-30 20:47:40,1.0,deanpsn,1,0,PITAKA Remix Case Concept
2023-09-30 20:47:33,0.67,ZacB_,1,3,UK iPhone 15 has no CE safety markings?
2023-09-30 15:10:20,1.0,TheShepherdGazes,2,1,Sound/Speaker
2023-09-29 19:49:51,0.81,TheCrazyDEJV,9,11,Took a photo of my friends car
2023-09-29 17:10:55,0.93,SublimeStrawberries,13,7,AT&T told me 2-3 weeks came the next day ‚ÄºÔ∏è
2023-09-29 21:43:48,1.0,AC31SBACK,5,5,iPhone 15
2023-09-29 22:42:08,0.81,averagealexxx,3,8,Anyone here upgrade from the 13pro to 15 pro?
2023-09-29 07:08:39,0.85,bontrager77psi,70,86,"Traded in my iPhone 14 pro for the iPhone 15 (regular, not the pro model)"
2023-09-30 05:18:13,0.67,general_Purple134,1,5,Iphone 15 price in Kuwait
2023-09-30 16:55:59,0.07,loved2705,0,15,I want to join the gang so badly
2023-09-29 22:10:29,1.0,ReceptionWorking399,2,3,Airpods wont Connect
2023-09-29 21:15:18,1.0,TNTomato,2,2,What‚Äôs the maximum charging rate of the iPhone 15 (non-Pro)?
2023-09-29 19:43:00,0.75,Legitimate_investor1,2,1,Best deal to go from iPhone 12 to iPhone 15.
2023-09-29 22:56:53,0.5,ocraig1,0,2,Matte back finish absolutely disappointing
2023-09-29 22:13:14,1.0,ExpectoPatronummmmm,1,2,Pro features
2023-09-29 11:22:51,0.8,annienhatanh,6,21,13mini to 15? Should I go with the non-pro?
2023-09-29 16:20:31,1.0,gsbuah,2,1,Does the iPhone 15 have actions mode (video)
2023-09-29 18:15:05,1.0,Available-Fault-4717,1,1,"iPhone 15 cannot setup , freezes ?"
2023-09-29 18:06:16,1.0,Rare_Quiet_4399,1,2,iPhone 15 Aux problem
2023-09-29 17:42:11,1.0,thaisalvesbr,1,2,14Pro screen protector on 15 basic?
2023-09-29 11:13:44,0.8,wooyeon-,3,12,Heating issue
2023-09-29 12:22:18,1.0,PerformanceLittle274,2,3,Is iPhone 15 compatible with iPhone 13 tempered glass ?
2023-09-30 08:51:45,0.04,Ready-Marionberry-90,0,16,Got 15 pro 4 days ago. Put it in the drawer and left it there ever since.
2023-09-29 06:49:00,1.0,tommydab710,6,6,14 pro max vs. 15 pro max.
2023-09-28 15:21:46,0.75,alex9005,73,136,Picked up the blue iPhone 15 today as well as the blue FineWoven case. What do you think?
2023-09-29 03:45:27,1.0,illegalshidder,6,7,What MagSafe battery are you using?
2023-09-29 07:37:25,0.67,Aggressive-Local1668,1,2,Question
2023-09-29 02:44:57,1.0,TPM_521,2,9,Thoughts on these case options?
2023-09-28 19:35:11,0.64,Kore0007,6,11,Overheating iPhone 15 Pro
2023-09-28 22:41:03,0.67,UteForLife,2,3,Does the iPhone 15/15 Plus have Lidar?
2023-09-28 23:42:36,1.0,InfiniteReveal6841,2,3,Still not receiving texts.
2023-09-29 02:49:44,0.67,Radiant-Ad-3907,1,2,Looking to exchange iPhone 15 Pro Max Black with Natural Titanium
2023-09-28 20:24:20,0.63,techy010101,2,15,iPhone 15 (256gb)base heating up
2023-09-28 18:27:44,0.54,RyanHmu14,1,47,Should I buy 15 or 15 pro?
2023-09-27 16:47:57,0.91,Mandar00k,110,97,15 is absolutely crazy for a base iPhone
2023-09-28 16:23:24,0.53,Playful-Coffee-5894,1,31,"I‚Äôve had the iPhone 13 Pro & it‚Äôs extremely disappointing to me that the base model 15s still run on 60hz. Kinda would like some non YouTube opinions, for any of those having used Pro models.. Would you ever go back to any non pro versions?"
2023-09-28 11:55:21,0.75,robjoko,2,33,Any updates for 15PM overheating issue yet?
2023-09-28 03:31:09,0.91,sanemate,9,24,15 vs 15 Plus dilemma
2023-09-28 00:18:13,0.86,RawlsEnterprises,5,0,"Recording ProRes video directly to a ""Micro SD Card"" with the iPhone 15 Pro"
2023-09-27 17:31:07,0.92,memezgalorz,20,28,iphone 15 pro gets extremely hot and drains battery when on a call.
2023-09-28 00:33:47,0.62,EntertainmentOk4802,4,39,My girlfriend thinks it‚Äôs weird I chose the pink iPhone over the other colors. Idk I think she‚Äôs just jealous and probably going to break it off soon with her anyway.
2023-09-28 02:18:27,0.75,jeffvos,2,3,"Frustrated I can‚Äôt finance an iPhone 15 outside of Verizon, because I‚Äôm a Business Customer"
2023-09-27 09:14:11,0.96,paranoidevil,35,19,"15 regular review (battery, usage)"
2023-09-28 06:00:08,0.25,Dry-Rate-4092,0,0,iPhone 15 Pro - NOT what iExpectedüòµ‚Äçüí´!!
2023-09-28 01:30:13,1.0,Y8fKZyZrSn,1,3,UPS app not working on 15 pro.
2023-09-27 20:44:22,1.0,Best_Kitchen_7456,2,1,Power bank cable to charge iphone 15 (not the cable that comes with the phone)
2023-09-28 00:21:15,0.4,nickyurbz,0,1,Belkin Screen Protector from the Apple Store‚Ä¶.
2023-09-27 04:26:20,1.0,chiefarab,16,1,PSA: Change your Haptic Touch duration to fast!
2023-09-27 11:37:10,0.83,Suhorang,4,10,Switched from Android to IPhone 15 regular. Should I get the plus variant?
2023-09-27 10:10:59,0.81,Cheesemeyo,3,2,When plugging in to charge when locked the screen looks like this
2023-09-27 04:33:23,0.79,TiltedWeenies,8,6,"TIL, iPhone 14 Leather Cases fit the 15."
2023-09-27 14:33:06,1.0,davejdesign,1,4,Incoming text messages not giving sound alert on lock screen
2023-09-27 02:29:42,0.85,TPM_521,9,6,Positive energy for my 15P/PM folks
2023-09-27 08:32:14,0.75,ExpectoPatronummmmm,2,5,iPhone 15 pro gets hot
2023-09-27 04:38:17,1.0,rkaria1970,3,2,iPhone 15 PM vs 15 Plus displays?
2023-09-26 20:29:13,0.82,apmass1,10,55,How is your guy‚Äôs experience with the 15?
2023-09-27 00:52:33,1.0,PSPersuasion,3,0,Cropping Issues?
2023-09-27 06:35:50,0.5,Felix1776,0,16,The iPhone gets hot
2023-09-27 02:33:29,1.0,Mammoth_Paper_287,2,1,Can Regular iPhone 15 record videos to External SSD?
2023-09-26 21:18:48,1.0,trueoriginal,6,7,Base or Pro? Upgrading from 12 Mini
2023-09-27 19:31:47,0.25,BedsRoom,0,51,Just gonna leave this here for those who decided to go 14 pro to any of the 15..
2023-09-27 04:51:23,1.0,PlayfulLow7367,1,0,iPhone 15 earspeaker issues?
2023-09-26 20:32:37,0.75,ExpectoPatronummmmm,4,30,iPhone 15 Pro or 15 plus?
2023-09-26 14:12:51,0.78,prplpanth,10,7,iPhone 15 Pro Max is the best iPhone yet
2023-09-26 19:21:25,0.67,AndroidLover10101,2,6,Can I get an iPhone 15 with a SIM slot in the US?
2023-09-26 03:58:04,0.7,AstrosEcho,29,146,i regret buying the 15 pro
2023-09-26 21:52:35,0.67,Exciting_Electronics,1,4,Issues.
2023-09-26 17:23:04,1.0,Own_Horse1216,2,5,Car play
2023-09-26 19:47:46,0.67,Nwasher1234,1,6,CarPlay and Battery
2023-09-26 15:49:57,1.0,panaski444,2,2,"Iphone 15 plus,is the x2 zoom working as a macro lens ?"
2023-09-26 15:36:17,1.0,Ok-Cry-708,2,8,"Switching from regular 12, which is better choice"
2023-09-26 19:18:44,1.0,PlayfulLow7367,1,3,iPhone 15 plus earspeaker crackling sound ?
2023-09-26 09:18:40,0.88,autistic_prodigy28,6,12,Iphone 15 getting hot while using camera
2023-09-26 11:34:44,1.0,Outrageous_Diver5700,2,0,iPhone 15 Bugs
2023-09-26 03:39:03,0.9,Miyake_tech,7,13,Upgrade to iPhone 15 from iPhone 14 Pro
2023-09-25 21:39:59,1.0,PruneExtra8699,15,21,iphone 15 pro max Battery
2023-09-26 03:13:34,0.86,reddit_2324,5,3,iphone 15 pro max overheating on phone calls??
2023-09-26 11:45:08,0.5,JimBoy1804,0,49,iPhone 14 or 15?
2023-09-26 11:29:58,1.0,CompetitiveRespond49,1,4,Best insurance cover for iPhone 15 Pro
2023-09-26 05:07:14,0.83,Amazing-Put4977,4,13,my 15 pro keeps heating up to the point of discomfort. anybody knows why?
2023-09-25 21:50:29,0.86,BloodRaven263,10,64,Upgrading to iPhone 15/15 Pro from iPhone 8. Which one should i get?
2023-09-26 09:39:49,0.67,EatMoreHoagies,1,7,Clear iPhone Case Differences?
2023-09-26 02:46:21,1.0,TwoCables_from_OCN,2,2,Can you show me this area of settings on iPhone 15? Thank you kindly.
2023-09-26 02:18:25,1.0,therealanakin123,2,2,Best slim MagSafe case?
2023-09-25 10:24:37,0.88,Dry_Bowl_,30,9,from galaxy s8+ to iPhone 15
2023-09-25 22:47:30,1.0,boogabear81,3,4,CarPlay and Cables
2023-09-25 20:55:19,1.0,WallStreetKernel,2,1,15 Pro Max front facing speaker clipping/rattle
2023-09-25 18:23:48,0.67,HjalmrNjalsson,2,3,Am I missing something?
2023-09-25 22:00:39,0.5,Artiboiii,0,1,can someone help me? iphone 15 for snapchat
2023-09-25 16:22:26,0.67,twilightsunny,2,9,My 12 Pro Max is brighter than 15 Pro Max.
2023-09-26 04:47:50,0.22,webproeducation,0,0,How To Screenshot On iPhone 15 & iPhone 15 Pro
2023-09-25 09:05:24,0.88,happykriskringles,6,9,15 plus difference to 14 pro max?
2023-09-25 13:28:31,1.0,SunsetToGo,2,1,Benchmarks iPhone 15/Plus/Pro/Max in normal mode vs low power mode
2023-09-25 02:22:24,1.0,skyker-andobil,10,6,I‚Äôm really surprised there‚Äôs no product red color this year
2023-09-24 15:25:13,0.88,T_Briggs,67,15,His and hers
2023-09-25 13:30:24,0.5,suprememama,0,3,iphone 15 ad
2023-09-25 12:39:35,1.0,sereza1,1,0,video quality on TT is bad on iphone 15???
2023-09-25 18:01:30,0.2,Interesting-Try4885,0,1,Family upgrading to an iPhone 11/12 to a 15. Whats should I expect? (Poll Included)
2023-09-25 12:01:24,1.0,Y8fKZyZrSn,1,2,Volume help
2023-09-24 16:59:57,0.93,Nwasher1234,29,14,Pics on iPhone 15 Plus
2023-09-25 01:41:49,0.87,Maverett,6,33,Buyer‚Äôs Remorse for Colour?
2023-09-25 10:05:36,1.0,dogsfromspace,1,0,iPhone 15 and iPhone 15 Pro: How to Use All the New Features
2023-09-24 22:54:38,0.9,andrea_balla,8,0,Possible construction problem of 15 Pro‚Äôs series
2023-09-25 00:52:51,0.86,arcanejee,5,16,Most of my old iPhone 14 Pro Max Cases fit the iPhone 15 Pro Max!
2023-09-24 20:03:52,1.0,YngKeff69420,7,6,Long distance picture on iPhone 15 pro max at cedar point
2023-09-24 20:00:59,0.8,Individual-Zombie337,6,29,Question
2023-09-25 04:22:42,0.6,themeshook,1,0,iphone 15 pro max durability Test #iphone15promax #durabilitycheck
2023-09-25 04:22:39,0.6,themeshook,1,0,iphone 15 pro max durability Test #iphone15promax #durabilitycheck
2023-09-25 04:22:38,0.6,themeshook,1,0,iphone 15 pro max durability Test #iphone15promax #durabilitycheck
2023-09-24 18:46:01,0.75,RecognitionLower9328,4,3,"Finally, 80 limit on iPhone 15"
2023-09-24 20:57:26,1.0,jagfromns,3,4,CarPlay not connecting with new IPhone 15 pro max
2023-09-24 22:53:11,0.75,olympictorchEA,2,5,How do you connect iPhone 15 Pro Max to a Mazda CX-5?
2023-09-25 05:33:12,0.25,Individual-Zombie337,0,29,iPhone battery issue
2023-09-24 15:39:14,1.0,Savini72,6,7,I‚Äôm damn jealous!
2023-09-24 23:49:37,1.0,Druvven,1,3,iPhone 15 PM usb 3
2023-09-24 09:02:46,1.0,1800piratecum,15,2,Launch day! iPhone 11 to iPhone 15! You can tell my favourite colour
2023-09-24 16:40:59,1.0,These_Ad_3138,3,4,Question on how to setup
2023-09-24 21:14:16,0.67,rachyyc8,1,1,iPhone 15 Plus Battery
2023-09-24 00:59:56,0.94,Reececup_11,38,4,iPhone Day!
2023-09-24 15:59:18,1.0,davejdesign,2,6,Verizon vs Apple trade in offers
2023-09-24 19:25:22,0.5,InjectorSpectre,0,10,keep always on display or disable?
2023-09-24 07:05:31,0.81,WeatherWindfall,6,0,Gold/Starlight Lives On!
2023-09-23 22:47:14,0.97,RamiTrolleyFan,23,2,Taken on Base 15
2023-09-23 22:00:31,0.93,EntertainmentOk4802,26,8,Obligatory new phone post
2023-09-24 15:06:53,0.5,Wise-Ad-2015,0,3,anyone facing an issue of a black bar at the bottom on an opened snap in iphone 15
2023-09-24 07:27:35,1.0,Awkward-Panda-1985,3,6,Color Regret?
2023-09-24 03:20:46,0.83,Mission-Background-2,4,25,15 or 15 pro?
2023-09-23 19:14:47,0.87,MrHorns7,11,1,Captured on iPhone 15
2023-09-24 00:06:29,1.0,Adventurous_Garden49,3,1,iPhone 15 Blurs Lockscreen
2023-09-24 01:33:02,1.0,basinbarack,2,3,Action button - good uses?
2023-09-24 01:32:35,1.0,Lowkeei-,2,3,Weird Charging issues
2023-09-23 18:34:46,0.88,Labalmegreat,6,6,Loving this combo
2023-09-23 20:25:38,0.63,OddExplanation5527,4,20,iPhone 15 Pro 120hz screen make me sick
2023-09-24 03:19:00,0.5,farooqali1973,0,0,How to Set Up Your iPhone 15 Pro Quickly and Easily
2023-09-24 01:29:38,1.0,AtypicalNerdGeek,1,3,Why I'd Opt for the Base iPhone if Apple Included 120Hz (ProMotion)
2023-09-23 19:03:21,1.0,-MoreX,3,11,Pro or Max?
2023-09-23 21:05:03,1.0,TX-26,2,4,Extremely hot when charging
2023-09-23 19:20:03,1.0,Alex20041509,2,4,"Maybe a stupid question, Base model port data transfer"
2023-09-23 01:57:32,0.92,MaURoBeRNa1989,48,16,"Finally i got this phone, came from iPhone 11 Pro"
2023-09-23 21:46:32,1.0,go_run_,1,0,I finally got it. Iphone 15 pro natural titanium
2023-09-22 18:02:03,0.96,basinbarack,150,72,Just got my iPhone 15 pro max!
2023-09-23 20:27:07,0.67,theanimaster,1,10,What is my old iPhone doing??
2023-09-22 23:30:56,0.99,TiltedWeenies,40,9,Joined the Pink Gang!
2023-09-23 08:18:40,1.0,ImpressiveEarth2990,5,5,iphone 15 keyboard lagging
2023-09-23 16:33:05,1.0,TechTainmentOra,1,0,"The iPhone 15, iPhone 15 Plus, iPhone 15 Pro, and iPhone 15 Pro Max are now available in India: Price and Offers"
2023-09-23 03:54:51,0.81,maxdepazftp,9,13,been stuck on this software update page for about 5 hours now without any update? anyone know how to fix this or get it to actually work??
2023-09-23 16:20:55,1.0,technooss,1,0,iPhone 13 vs iPhone 15: Is it time to upgrade? - AG4Tech
2023-09-22 19:08:57,0.95,William_andrews,41,27,Snapchat cutting off
2023-09-22 17:05:54,0.95,Weird_Personality544,30,10,Happy Launch Day!
2023-09-23 10:48:50,0.67,technooss,1,2,iPhone 16: Everything you need to know - AG4Tech
2023-09-22 22:47:39,1.0,moonspellpecado,9,15,Running Hotüî•
2023-09-22 21:47:16,0.84,Smootie93,8,1,Huge fan
2023-09-23 08:17:42,0.67,ImpressiveEarth2990,1,3,iphone 15 keyboard laggy
2023-09-22 21:42:42,0.81,vodkalorde,3,4,don‚Äôt go to at&t store for iphone launch
2023-09-22 18:34:21,1.0,jwwwcc,8,3,iPhone 15 running hot on Google Maps
2023-09-23 03:49:08,1.0,OTGASTD,1,1,Missing messages from iCloud backup
2023-09-23 03:18:05,1.0,farooqali1973,1,0,iPhone 15 Pro: Unleash Your Creativity
2023-09-22 22:24:09,1.0,EmeraldDenna,2,1,What is the different color/texture patch under the lock button on the side of the phone?
2023-09-23 01:40:16,0.5,Maximum-Apartment470,0,8,"Got new iPhone 15PM, already having issues, help??"
2023-09-23 00:10:32,0.5,ohiostatechris,0,2,Any reason why photos I have sent in iMessage between me and another person are not showing up in the bottom of the message screen? iPhone 15 Pro user here.
2023-09-22 15:10:01,1.0,FunAddOne,4,4,Switching from Android to Iphone
2023-09-22 21:44:16,0.5,LaidBackSaint,0,1,"Just got my new iPhone 15 Pro Max Today,"
2023-09-22 18:39:30,0.67,MRWH35,1,0,Back Glass?
2023-09-22 12:15:48,1.0,Lodingi,2,1,Phone pickup questions
2023-09-22 03:28:07,0.5,farooqali1973,0,0,iPhone 15 Pro: Everything We Know So Far
2023-09-21 12:42:43,0.67,sslithissik,3,21,Bought a pro with 128 and having a bit of remorse lol
2023-09-21 11:09:04,0.83,Feisty_Lie_9106,4,13,Question‚Ä¶pre order
2023-09-21 14:43:29,1.0,Shane57F1,1,4,Amazon Pre Order
2023-09-21 14:39:39,0.99,InjectorSpectre,1,7,Bought off Amazon and saw reviews of other cases for the pro max lineup. Saying the action button cutout wasn‚Äôt right. Anyone know?
2023-09-21 12:23:01,0.2,I_gofast,0,16,Is my phone like not coming or what‚Äôs going on.
2023-09-20 03:40:51,0.83,farooqali1973,4,1,How to Turn Off Always-On Display on iPhone 15 and 14 Pro
2023-09-19 20:30:10,1.0,SublimeStrawberries,3,15,What Color iPhone would you design?
2023-09-19 18:50:53,0.8,Mirda76de,3,9,Pre-order time waiting...?
2023-09-19 10:17:02,0.81,allworkjack,6,11,What will surprise me coming from an iPhone XR (iPhone 5)
2023-09-19 12:05:44,1.0,llukid,5,8,Does Canadian iPhones come with a physical sim slot?
2023-09-19 18:18:21,0.5,BeneficialAct9513,0,1,iPhone 15 runs as hot as 48 degrees....
2023-09-19 04:29:13,1.0,farooqali1973,1,0,Apple iPhone 15 Pro Max Price: Everything You Need to Know
2023-09-18 17:44:03,0.6,prplpanth,1,7,Likelihood of getting device on launch day?
2023-09-18 10:39:55,0.33,themeshook,0,0,iphone15promax vs samsungs23ultra#iphone15 #iphone15promax #samsungs23u...
2023-09-17 22:08:49,1.0,AMaillo8,8,25,iPhone 15 pro over normal?
2023-09-18 20:38:40,0.09,Geyser91,0,4,iPhone 15 New Cable - Thanks EU Bureaucrats
2023-09-17 18:54:19,0.91,RamiTrolleyFan,8,10,Let the anticipation begin
2023-09-18 03:20:54,1.0,farooqali1973,1,0,"Apple iPhone 15 Pro Max: Release Date, Features, and Specs"
2023-09-17 20:15:51,1.0,Supremeboye,3,5,Bought Iphone 15 plus. Should i wait for Qi2 Charger?
2023-09-17 02:39:01,0.8,Big_Life_6758,3,6,Ordered wrong phone but‚Ä¶
2023-09-17 07:16:46,0.5,Icy_Formal_9906,0,5,Case with Orange action button?
2023-09-17 04:05:47,0.2,farooqali1973,0,0,Apple iPhone 15 Pro Max: The Ultimate Review
2023-09-16 14:01:39,1.0,SublimeStrawberries,5,30,IPhone Cases / Experiences / Where to buy / Suggestions
2023-09-16 00:10:31,0.92,ACG3185,11,25,Should I upgrade from 13 to 15 Pro?
2023-09-16 09:20:51,0.6,Cyberj0ck,1,6,iPhone Flip
2023-09-16 01:15:51,1.0,kimchi_paradise,5,11,"Can I wait to buy the iPhone, or should I buy now and wait until delivery?"
2023-09-15 21:11:08,1.0,Big_Bandicoot_8811,5,7,Fav Place to buy Phone Cases
2023-09-16 05:21:32,0.5,Big_Life_6758,0,13,e-Waste reduction BS.
2023-09-15 23:09:29,1.0,muhammad-dng,3,0,Why the iPhone 15 is the Perfect iPhone.
2023-09-15 21:46:46,1.0,burnervhbgff,3,5,Upgrade from 12 to 15 plus
2023-09-15 13:43:10,1.0,Cerebus53,6,20,Disappointed with Apple Shipping Schedule
2023-09-15 15:51:27,1.0,EmphasisMammoth,2,10,Is it worth the upgrade?
2023-09-15 09:35:41,1.0,Big_Bandicoot_8811,5,29,Which phone you buying??
2023-09-15 07:15:30,0.72,JustaTuber69,3,8,Which iPhone 15 color to buy?
2023-09-15 02:29:44,1.0,CharlesAllenIsTrash,2,5,Upgrading from a 7 Plus
2023-09-15 05:05:37,1.0,themeshook,1,0,New iPhone 15 Pro Max Colors! #iphone15promax #iphone15
2023-09-15 04:53:16,0.5,themeshook,0,0,How Marques Brownlee use iPhone 15 Pro Action Button?
2023-09-15 04:48:56,1.0,themeshook,1,0,Apple Watch New Double Tap Feature #applewatch #applewatchseries9
2023-09-14 22:38:13,1.0,NoShock7799,3,8,Preordering iPhone 15 Pro Max Vs buying in store on launch day?
2023-09-15 04:17:42,0.67,Gnaneshwar_Gaddam,1,1,Apple iPhone 15 Pro and iPhone 15 Pro Max launched
2023-09-15 03:25:27,1.0,farooqali1973,1,0,Apple's Revolutionary iPhone 15 Series: Unveiling the Future of Smartphones
2023-09-14 12:10:29,0.89,Scarlizz,7,34,Downgrading (maybe) from 14PM to 15 Plus
2023-09-14 22:14:13,0.5,Exciting_Electronics,0,4,iPhone 15 Pre-Order Date Revealed.
2023-09-14 20:21:28,1.0,Own_Mind_6352,1,8,Should I upgrade or should I wait
2023-09-14 08:47:53,1.0,YoungDutchWeed,4,4,Upgrading from 12 to 15
2023-09-14 09:01:53,1.0,ul131web,2,0,iPhone 15 Pro Price India üáÆüá≥ vs America üá∫üá∏
2023-09-14 11:34:23,1.0,Calm-Physics-8004,1,4,"Should i upgrade from 14 pro max to 15 pro max cuz i dont know if it is worth it i mean new usb c new gpu cpu the action button,better battery"
2023-09-13 23:27:46,0.7,Compsciuk,4,12,iPhone 15
2023-09-14 03:15:09,1.0,farooqali1973,1,1,Exploring the Versatile Action Button on iPhone 15 Pro and Pro Max!
2023-09-13 20:41:49,1.0,beerguy74,2,3,Anyone have a suggestion on usb-c to usb-a converters?
2023-09-13 11:48:01,0.92,ZealousidealSpray517,9,6,Here we go again: iPhone 15 Pro vs Pro Max
2023-09-13 18:41:52,1.0,Mirikino_,2,8,"With the Iphone 15 coming out, how much will the iphone 14 pro max drop in price on facebook marketplace?"
2023-09-13 08:50:45,0.86,Electrical-Nobody259,5,0,Type C is better anyday than this!
2023-09-13 15:19:27,0.5,popstico,0,0,Unique Features of the iPhone 15 Pro and iPhone 15 Pro Max
2023-09-13 08:38:12,0.63,Serhide,2,15,iPhone 15 is a great upgrade for 11 12 13 and 14 users
2023-09-12 23:11:44,0.92,Reececup_11,11,11,Is this a good combo?
2023-09-13 06:37:12,1.0,vinaylovestotravel,2,0,"iPhone 15 Pro, iPhone 15 Pro Max launched with A17 Pro chip, more upgrades"
2023-09-13 05:20:50,0.76,themeshook,2,1,iPhone 15 Pro vs. iPhone 15 Pro Max side-by-side #iphone15promax #iphone...
2023-09-12 18:40:52,1.0,Cyberj0ck,14,24,I will definitely get that Natural Titanium iPhone 15 pro... What color will you most likely be getting?
2023-09-13 03:45:57,1.0,shawnax19,2,3,Trade in iPhone 14 Pro Max???
2023-09-12 18:42:48,1.0,sneezy336,8,8,No white iPhone 15!
2023-09-13 05:12:56,1.0,themeshook,1,0,iPhone 15 Pro Max Action Button features #iphone15 #iphone15promax #a...
2023-09-13 05:02:55,1.0,themeshook,1,0,iPhone 15 Series Hands-On: First Impressions #iphone15 #iphones #apple #iphone15
2023-09-13 05:01:54,1.0,themeshook,1,0,Hands-On with Apple Watch Ultra 2: Quick Experience #applewatchultra #applewatchultra2 #apple
2023-09-13 03:19:26,1.0,farooqali1973,1,0,"Apple iPhone 15: Learn about the price, colors, and specs of the new iPhone, released at Apple's September 2023 event."
2023-09-13 02:39:00,1.0,mdjmd73,1,1,"15 has aluminum enclosure, rather that the touted titanium. ugh."
2023-09-12 22:22:25,1.0,T00_muCh_cUriosity,2,4,"I‚Äôm pretty surprised that the Pro Max has a 5X only lens, I really did expect something like 3X-5X"
2023-09-13 01:12:33,0.5,Intelligent_Gene_546,0,3,iPhone 14 pro max price drop
2023-09-12 19:19:31,0.67,Feisty_Lie_9106,1,1,iPhone pre order
2023-09-12 18:26:02,1.0,ibralicious,1,15,"Apple announces iPhone 15: USB-C port, 48-megapixel camera, Dynamic Island, new colors"
2023-09-12 17:40:17,0.5,superpowers335,0,6,Why does iPhone still use OLED instead of AMOLED?
2023-09-12 09:15:33,1.0,MidCipher,3,0,Apple's iPhone 15 Series: What to Expect and How It Affects Pricing
2023-09-12 18:43:26,0.4,virbhadra27,0,8,S23U will crush 15promax
2023-09-12 06:05:53,1.0,vinaylovestotravel,1,0,Apple could discontinue iPhone 13 mini after iPhone 15 launch
2023-09-12 03:23:44,1.0,farooqali1973,1,0,"Apple Event 2023: What to Expect from iPhone 15, Apple Watch Series 9, and More"
2023-09-11 15:36:05,0.5,Ali-Bulbanat,0,0,iphone 15 (battery life)
2023-09-10 03:23:31,1.0,farooqali1973,1,0,Master Instagram Collaboration Like a Pro: A Step-by-Step Guide for iPhone Users!
2023-09-09 14:06:12,0.67,Finance_mechanism,1,0,Apple iPhone 15: The Biggest Changes in 11 Years ‚Äì What to Expect
2023-09-08 17:45:07,1.0,Ali-Bulbanat,4,0,iphone 15 color discussion
2023-09-08 10:02:02,1.0,vinaylovestotravel,2,0,"iPhone 15 series alleged dummy models reveal potential colours, design"
2023-09-06 16:42:25,0.67,rayyrraayy,1,4,Wanna buy 15
2023-09-06 06:47:11,1.0,vinaylovestotravel,2,0,"iPhone 15 Pro models won't be easy on the pocket, report"
2023-09-06 03:24:12,1.0,farooqali1973,2,0,Exploring the Nuances between the iPhone 13 Pro Max vs iPhone 14 Plus
2023-09-05 07:07:39,1.0,vinaylovestotravel,2,0,iPhone 15 Pro tipped to bring 7 major design changes
2023-09-04 03:23:41,1.0,farooqali1973,1,0,How to Replace Your iPhone Battery: Like a Pro
2023-09-02 21:48:03,0.83,Hayleeandalismom,4,3,Charger for iPhone 15
2023-09-01 06:07:26,0.81,vinaylovestotravel,3,1,"iPhone 15, iPhone 15 Pro dummy models reveal boring colour options"
2023-09-01 03:16:11,0.5,farooqali1973,0,0,Unleash the Future NOW! üöÄ Get iOS 17 Dev Beta on Your iPhone and Experience NEXT-LEVEL Awesomeness!
2023-08-31 03:26:49,1.0,farooqali1973,1,0,üî• Unveiling the Ultimate Fix for AirDrop Glitches! Your Apple Devices Will Thank You! üöÄ
2023-08-30 02:24:32,0.33,farooqali1973,0,0,üö® Apple's Jaw-Dropping Surprise: iPhone 15 Lineup Unveiled & Jaw-Dropping Upgrades to Apple Watch Series! Get Ready for Sept. 12th!
2023-08-29 17:45:03,1.0,Azurebluenomad,3,0,"Apple Announces 'Wonderlust' Event Expected to Feature iPhone 15, Apple Watch Series 9 and More"
2023-08-29 03:15:23,1.0,farooqali1973,2,0,"""üö® Mark Your Calendars! üìÜ Unveiling the Epic Apple iPhone 15 & iPhone 15 Pro Release Date Schedule! Don't Miss a Second of the Tech Extravaganza! üì±üçè"""
2023-08-28 06:09:02,1.0,vinaylovestotravel,2,1,Apple to replace mute switch on iPhone 15 Pro with new Action Button
2023-08-28 03:39:57,1.0,farooqali1973,1,0,üöÄ Mind-Blowing iPhone 15 Pro Leaks Exposed! You Won't Believe What's Changing! üò±üì±
2023-08-27 03:18:18,1.0,farooqali1973,1,0,"Mastering Google Chrome Password Manager on iPhone, iPad, and Mac ‚Äì A Comprehensive Guide"
2023-08-26 17:04:22,1.0,superpowers335,2,1,How good is the battery life on these phones?
2023-08-26 03:17:09,0.67,farooqali1973,1,0,üöÄ Brace Yourself: Insider Insights on iPhone 15 Release Date! Unveil the Hype and Speculations Here! üì±üí•
2023-08-25 05:43:56,1.0,Acceptable_Passion92,3,0,Apple may introduce these two new colours with iPhone 15 Pro - Times of India
2023-08-25 03:12:10,1.0,farooqali1973,1,1,iPhone 15 Pro Max Delay: Unveiling Apple's Innovation Challenges
2023-08-24 03:21:43,1.0,farooqali1973,2,1,How to Record a Phone Call on iPhone
2023-08-23 03:24:34,0.5,farooqali1973,0,1,Shocking Revelation: iPhone 15 Pro Max Release Hit by Unexpected 3-4 Week Delay! üò±üì±
2023-08-21 03:30:18,1.0,farooqali1973,1,0,How to Change iPhone Name: A Step-by-Step Guide
2023-08-20 03:30:36,1.0,farooqali1973,1,0,How to Share Your Location on Your iPhone: Like a Pro
2023-08-19 03:10:07,1.0,farooqali1973,1,0,New Apple Exclusive Reveals iPhone 15 Design Shock
2023-08-17 04:01:50,1.0,farooqali1973,1,0,"Apple‚Äôs iPhone 15 Leaks Unveil Exciting Upgrades: USB-C, Thinner Bezels, and Surprises for Older Models"
2023-08-17 03:29:11,0.5,farooqali1973,0,0,How to Scan Documents with Your iPhone: 7 Pro Hacks
2023-08-10 05:39:41,0.86,Sea-Medium-3722,5,5,Apple iPhone 15 Is Coming: Mark Your Calendars for September 13
2023-08-10 08:11:06,1.0,CeciliaKia,3,3,is this real?
2023-08-09 16:58:45,1.0,dogs0z,3,7,12pro to 15?
2023-08-08 10:54:45,1.0,Dear_Equivalent_3546,7,10,Contemplating: Purchase iPhone 14 Now or Anticipate iPhone 15?
2023-08-02 11:14:11,1.0,Comfortable_Watch_70,6,0,IPhone 15 Pro air drop by killah_trone
2023-07-30 10:21:29,1.0,ibralicious,3,1,Do you plan to upgrade to iPhone 15?
2023-07-27 03:27:27,1.0,farooqali1973,1,0,iOS 17: A Deep Dive into Apple‚Äôs Latest Mobile Opreating System
2023-07-25 03:26:35,1.0,farooqali1973,2,0,TSMC Delays Production of 4nm Chips in Arizona
2023-07-19 06:05:44,1.0,Various-Housing8183,2,5,What changes will be made to the iPhone 15's lens?
2023-07-12 04:49:42,0.84,surmonte,4,0,Expected features for iPhone 15
2023-06-28 10:09:15,0.88,Zealousideal-Fan1563,6,6,"iPhone 15: Release Date, Price, Features, Everything We Know So Far"
2023-06-18 21:56:43,1.0,wfs29223,3,2,Have we heard anything official from Apple?
2023-06-18 16:16:14,0.5,Exciting_Electronics,0,0,iPhone 15 Pro Max Hands On
2023-06-18 13:26:24,0.5,Exciting_Electronics,0,0,iPhone 15 Standard Specs
2023-06-18 13:24:56,0.5,Exciting_Electronics,0,2,iPhone 15 All Models
2023-05-16 07:38:57,0.8,vinayppatel,3,0,"iPhone 15 series might not arrive in September, here's why"
2023-05-15 17:39:13,1.0,HiveOffers,3,0,Apple's iPhone 15: Unveiling the Next Generation of Performance
2023-05-14 04:07:27,0.5,erinswider,0,0,"iPhone 15 leaks: Expected specifications, launch timeline, price and other details"
2023-05-10 06:58:47,1.0,VinayPPP,3,2,"iPhone 14 gets the lowest 5-star ratings, will the iPhone 15 be any better?"
2023-05-08 07:10:00,1.0,vinayppatel,10,1,Apple could face ban in Europe if iPhone 15 USB-C port doesn't work with all cables
2023-04-10 08:34:17,0.81,,3,2,iPhone USB-C Finally! Apple Embraces the Future with USB-C on the iPhone 15
2023-04-10 04:51:03,1.0,,1,0,iPhone 16 Leaks - What We Know So Far! This Is Insane!
2023-04-09 20:35:59,0.81,,3,0,Apple Leaks iPhone 15 Release Date: Here's What We Know
2023-02-20 09:12:40,0.79,techberg_,5,5,Major changes to the upcoming iPhone 15 design
2023-01-26 19:07:19,0.84,USTody,4,1,Apple raises the bar for Wi-Fi with the iPhone 15!
2022-12-14 22:00:07,1.0,Admirable_Error_7613,3,2,iPhone 15 Ultras Dynamic Island is Smaller
2022-12-01 04:46:50,1.0,techberg_,3,1,Apple iPhone 15 to come with new Sony's 'State of the art 'Camera sensor - TechUnofficial
2022-05-28 12:11:29,1.0,JCas127,4,1,iPhone 15 may have USBc
2021-09-15 16:09:13,1.0,ibralicious,4,0,Apple unveils iPhone 13 and 13 mini!
2021-07-20 22:16:01,1.0,ibralicious,4,13,r/iphone15 Lounge
